{
  "control": {
    "ambigqa": {
      "n_samples": 2002,
      "avg_refinement_latency_ms": 0.0,
      "avg_control_latency_ms": 7192.27121438418,
      "avg_refined_latency_ms": 7192.99872557481,
      "avg_total_latency_ms": 14385.26993995899,
      "avg_refinement_tokens": 0.0,
      "avg_control_tokens": 275.23376623376623,
      "avg_refined_tokens": 275.23376623376623,
      "avg_total_tokens": 550.4675324675325
    },
    "gsm8k": {
      "n_samples": 1319,
      "avg_refinement_latency_ms": 0.0,
      "avg_control_latency_ms": 7210.9607871144535,
      "avg_refined_latency_ms": 7211.261669915223,
      "avg_total_latency_ms": 14422.222457029677,
      "avg_refinement_tokens": 0.0,
      "avg_control_tokens": 323.13343442001513,
      "avg_refined_tokens": 323.13343442001513,
      "avg_total_tokens": 646.2668688400303
    },
    "halueval": {
      "n_samples": 1000,
      "avg_refinement_latency_ms": 0.0,
      "avg_control_latency_ms": 7490.034462928772,
      "avg_refined_latency_ms": 7490.07856631279,
      "avg_total_latency_ms": 14980.113029241562,
      "avg_refinement_tokens": 0.0,
      "avg_control_tokens": 298.128,
      "avg_refined_tokens": 298.128,
      "avg_total_tokens": 596.256
    },
    "truthfulqa": {
      "n_samples": 817,
      "avg_refinement_latency_ms": 0.0,
      "avg_control_latency_ms": 10158.065713020987,
      "avg_refined_latency_ms": 10156.346925469332,
      "avg_total_latency_ms": 20314.41263849032,
      "avg_refinement_tokens": 0.0,
      "avg_control_tokens": 384.8176254589963,
      "avg_refined_tokens": 384.8176254589963,
      "avg_total_tokens": 769.6352509179926
    }
  },
  "opro": {
    "ambigqa": {
      "n_samples": 2002,
      "avg_refinement_latency_ms": 4448.001188831729,
      "avg_control_latency_ms": 7076.537361630908,
      "avg_refined_latency_ms": 7118.637219532863,
      "avg_total_latency_ms": 18643.1757699955,
      "avg_refinement_tokens": 239.2992007992008,
      "avg_control_tokens": 275.23376623376623,
      "avg_refined_tokens": 285.36163836163837,
      "avg_total_tokens": 799.8946053946054
    },
    "gsm8k": {
      "n_samples": 1319,
      "avg_refinement_latency_ms": 5140.891406281235,
      "avg_control_latency_ms": 7207.273421818963,
      "avg_refined_latency_ms": 7045.794537792249,
      "avg_total_latency_ms": 19393.959365892446,
      "avg_refinement_tokens": 309.3199393479909,
      "avg_control_tokens": 323.13343442001513,
      "avg_refined_tokens": 314.1319181197877,
      "avg_total_tokens": 946.5852918877938
    },
    "halueval": {
      "n_samples": 1000,
      "avg_refinement_latency_ms": 3901.3323714733124,
      "avg_control_latency_ms": 6618.3509249687195,
      "avg_refined_latency_ms": 6993.3786771297455,
      "avg_total_latency_ms": 17513.061973571777,
      "avg_refinement_tokens": 247.649,
      "avg_control_tokens": 298.128,
      "avg_refined_tokens": 316.979,
      "avg_total_tokens": 862.756
    },
    "truthfulqa": {
      "n_samples": 817,
      "avg_refinement_latency_ms": 4887.922032518515,
      "avg_control_latency_ms": 10153.972479529597,
      "avg_refined_latency_ms": 10640.676992759565,
      "avg_total_latency_ms": 25682.571504807678,
      "avg_refinement_tokens": 254.21297429620563,
      "avg_control_tokens": 384.8176254589963,
      "avg_refined_tokens": 413.7552019583843,
      "avg_total_tokens": 1052.7858017135864
    }
  },
  "promptagent": {
    "ambigqa": {
      "n_samples": 2002,
      "avg_refinement_latency_ms": 7762.410366332733,
      "avg_control_latency_ms": 7176.89481755713,
      "avg_refined_latency_ms": 9881.324410319447,
      "avg_total_latency_ms": 24820.62959420931,
      "avg_refinement_tokens": 349.15134865134866,
      "avg_control_tokens": 275.23376623376623,
      "avg_refined_tokens": 400.4095904095904,
      "avg_total_tokens": 1024.7947052947052
    },
    "gsm8k": {
      "n_samples": 1319,
      "avg_refinement_latency_ms": 9821.773811576038,
      "avg_control_latency_ms": 7194.391538737125,
      "avg_refined_latency_ms": 7952.243214759797,
      "avg_total_latency_ms": 24968.40856507296,
      "avg_refinement_tokens": 471.50568612585295,
      "avg_control_tokens": 323.13343442001513,
      "avg_refined_tokens": 349.30932524639877,
      "avg_total_tokens": 1143.948445792267
    },
    "halueval": {
      "n_samples": 1000,
      "avg_refinement_latency_ms": 7626.134349822998,
      "avg_control_latency_ms": 7464.892071485519,
      "avg_refined_latency_ms": 9180.999871969223,
      "avg_total_latency_ms": 24272.02629327774,
      "avg_refinement_tokens": 356.712,
      "avg_control_tokens": 298.128,
      "avg_refined_tokens": 374.049,
      "avg_total_tokens": 1028.889
    },
    "truthfulqa": {
      "n_samples": 817,
      "avg_refinement_latency_ms": 7674.118557058028,
      "avg_control_latency_ms": 10129.116508339142,
      "avg_refined_latency_ms": 11794.384776597508,
      "avg_total_latency_ms": 29597.619841994678,
      "avg_refinement_tokens": 347.58261933904527,
      "avg_control_tokens": 384.8176254589963,
      "avg_refined_tokens": 468.30722154222764,
      "avg_total_tokens": 1200.7074663402693
    }
  },
  "promptwizard": {
    "ambigqa": {
      "n_samples": 2002,
      "avg_refinement_latency_ms": 20988.58394703784,
      "avg_control_latency_ms": 6840.316096504966,
      "avg_refined_latency_ms": 8874.340551716465,
      "avg_total_latency_ms": 36703.240595259274,
      "avg_refinement_tokens": 879.5399600399601,
      "avg_control_tokens": 275.23376623376623,
      "avg_refined_tokens": 374.510989010989,
      "avg_total_tokens": 1529.2847152847153
    },
    "gsm8k": {
      "n_samples": 1319,
      "avg_refinement_latency_ms": 23079.34000403525,
      "avg_control_latency_ms": 7197.505745768457,
      "avg_refined_latency_ms": 8337.994649249375,
      "avg_total_latency_ms": 38614.84039905308,
      "avg_refinement_tokens": 1059.5534495830175,
      "avg_control_tokens": 323.13343442001513,
      "avg_refined_tokens": 342.2926459438969,
      "avg_total_tokens": 1724.9795299469295
    },
    "halueval": {
      "n_samples": 1000,
      "avg_refinement_latency_ms": 20990.018256902695,
      "avg_control_latency_ms": 6609.507311105728,
      "avg_refined_latency_ms": 7841.154941558838,
      "avg_total_latency_ms": 35440.68050956726,
      "avg_refinement_tokens": 979.308,
      "avg_control_tokens": 298.128,
      "avg_refined_tokens": 363.87,
      "avg_total_tokens": 1641.306
    },
    "truthfulqa": {
      "n_samples": 817,
      "avg_refinement_latency_ms": 20065.11057400791,
      "avg_control_latency_ms": 10135.909130406933,
      "avg_refined_latency_ms": 11355.524717958933,
      "avg_total_latency_ms": 41556.54442237378,
      "avg_refinement_tokens": 813.1126070991432,
      "avg_control_tokens": 384.8176254589963,
      "avg_refined_tokens": 454.67564259485926,
      "avg_total_tokens": 1652.6058751529988
    }
  }
}